num_people_enrolled,total_class_size,class_number,term,professor
70 , 283,16000,2014 Spring,"DANG, Q."
14 , 208,16300,2014 Spring,"PATTIS, R."
27 , 327,16350,2014 Spring,"THORNTON, A."
44 , 339,16400,2014 Spring,"PATTIS, R."
16 , 141,16420,2014 Spring,"THORNTON, A.JIA, J."
27 , 155,16450,2014 Spring,"JAFAR, S.STAFF"
16 , 96,16500,2014 Spring,"BURKE, P."
9 , 50,16540,2014 Spring,"ELTAWIL, A."
7 , 128,16610,2014 Spring,"ALFARO, S."
14 , 178,16640,2014 Spring,"XU, G."
18 , 106,16800,2014 Spring,"GIVARGIS, T."
12 , 24,16880,2014 Spring,"BOZORGZADEH, E."
86,98,34050,2014 Spring,"MAJUMDER, A."
119 , 136,34200,2014 Spring,"CAREY, M."
96 , 117,34300,2014 Spring,"JORDAN, S."
100 , 128,34400,2014 Spring,"ALFARO, S."
160 , 178,34450,2014 Spring,"XU, G."
96,100,34500,2014 Spring,"ALFARO, S."
98,100,34520,2014 Spring,"BIC, L.NAKAYAMA, K."
85 , 106,34550,2014 Spring,"GIVARGIS, T."
35,52,34590,2014 Spring,"VEIDENBAUM, A."
70,77,34610,2014 Spring,"EPPSTEIN, D.BANNISTER, M."
49,50,34620,2014 Spring,"HIRSCHBERG, D."
0,15,34700,2014 Spring,"MJOLSNESS, E."
0,30,34765,2014 Spring,"ZIV, H."
22 , 46,34770,2014 Spring,"FIACCO, E."
5,10,34775,2014 Spring,"CAREY, M."
4 , 13,34780,2014 Spring,"DOBRIAN, J."
29,30,35215,2014 Spring,"XIE, X."
23,50,35235,2014 Spring,"FOWLKES, C."
17,50,35240,2014 Spring,"MEHROTRA, S."
25 , 37,35245,2014 Spring,"VENKATASUBRAMA, N."
21 , 31,35250,2014 Spring,"VENKATASUBRAMA, N."
27,30,35252,2014 Spring,"SCHERSON, I."
51,58,35255,2014 Spring,"GIVARGIS, T."
8 , 30,35260,2014 Spring,"TOMLINSON, W."
22,50,35262,2014 Spring,"VEIDENBAUM, A."
63,63,35270,2014 Spring,"DILLENCOURT, M."
10,30,35273,2014 Spring,"EPPSTEIN, D."
12,15,35274,2014 Spring,"EPPSTEIN, D."
7,20,35275,2014 Spring,"EPPSTEIN, D."
21,50,35290,2014 Spring,"IHLER, A."
9,30,35300,2014 Spring,"DECHTER, R."
4,15,35330,2014 Spring,"MJOLSNESS, E."
2 , 11,35340,2014 Spring,"XIE, X."
10,30,35560,2014 Spring,"DUTT, N."
10,15,35562,2014 Spring,"CAREY, M."
14,30,35564,2014 Spring,"SCHERSON, I."
2 , 283,36000,2014 Spring,"DANG, Q."
3 , 208,36050,2014 Spring,"PATTIS, R."
3 , 327,36100,2014 Spring,"THORNTON, A."
2 , 339,36150,2014 Spring,"PATTIS, R."
1 , 141,36170,2014 Spring,"THORNTON, A.JIA, J."
0 , 155,36200,2014 Spring,"JAFAR, S.STAFF"
1 , 96,36250,2014 Spring,"BURKE, P."
1 , 50,36280,2014 Spring,"ELTAWIL, A."
1 , 128,36320,2014 Spring,"ALFARO, S."
4 , 178,36360,2014 Spring,"XU, G."
3 , 106,36400,2014 Spring,"GIVARGIS, T."
12 , 24,36480,2014 Spring,"BOZORGZADEH, E."
31 , 366,16080,2014 Winter,"KAY, D."
66 , 450,16100,2014 Winter,"THORNTON, A."
8 , 100,16130,2014 Winter,"PATTIS, R."
25 , 202,16140,2014 Winter,"THORNTON, A."
8 , 140,16150,2014 Winter,"PATTIS, R."
24 , 172,16170,2014 Winter,"DE FLAVIIS, F.STAFF"
36 , 42,16200,2014 Winter,"REGAN, A."
21 , 79,16270,2014 Winter,"BAGHERZADEH, N."
21 , 52,16290,2014 Winter,"SWINDLEHURST, A."
10 , 59,16310,2014 Winter,"XU, G."
9 , 95,16340,2014 Winter,"GOODRICH, M."
15 , 25,16360,2014 Winter,"BACHMAN, M.STAFF"
70 , 92,34100,2014 Winter,"FROST, D."
38,50,34110,2014 Winter,"FOWLKES, C."
43 , 82,34120,2014 Winter,"PATTERSON, D."
85 , 104,34130,2014 Winter,"SHEU, P."
103,110,34140,2014 Winter,"ESMAELNEZHAD, J."
6,31,34150,2014 Winter,"CAREY, M."
23,30,34160,2014 Winter,"VEIDENBAUM, A."
42,50,34170,2014 Winter,"EL ZARKI, M."
27,55,34180,2014 Winter,"TSUDIK, G."
40 , 59,34190,2014 Winter,"XU, G."
79,75,34210,2014 Winter,"VENKATASUBRAMA, N."
129,130,34230,2014 Winter,"SCHERSON, I."
86 , 95,34250,2014 Winter,"GOODRICH, M."
82 , 82,34260,2014 Winter,"GOODRICH, M."
69,130,34280,2014 Winter,"LATHROP, R."
49,60,34300,2014 Winter,"IHLER, A."
0,30,34320,2014 Winter,"ZIV, H."
19 , 27,34810,2014 Winter,"TSUDIK, G."
16,30,34820,2014 Winter,"MEENAKSHISUNDA, G."
83 , 99,34840,2014 Winter,"LOPES, C."
51,79,34850,2014 Winter,"CAREY, M."
35,55,34870,2014 Winter,"SCHERSON, I."
19,40,34890,2014 Winter,"FRANZ, M."
49 , 50,34900,2014 Winter,"BOZORGZADEH, E."
12 , 27,34920,2014 Winter,"LOPES, C."
47,60,34930,2014 Winter,"DILLENCOURT, M."
8,30,34950,2014 Winter,"GOODRICH, M."
25,60,34960,2014 Winter,"SMYTH, P."
45,70,34980,2014 Winter,"SMYTH, P."
0 , 366,36080,2014 Winter,"KAY, D."
5 , 450,36100,2014 Winter,"THORNTON, A."
1 , 100,36130,2014 Winter,"PATTIS, R."
5 , 202,36140,2014 Winter,"THORNTON, A."
2 , 140,36150,2014 Winter,"PATTIS, R."
0 , 172,36170,2014 Winter,"DE FLAVIIS, F.STAFF"
6 , 42,36200,2014 Winter,"REGAN, A."
3 , 79,36270,2014 Winter,"BAGHERZADEH, N."
7 , 52,36290,2014 Winter,"SWINDLEHURST, A."
2 , 59,36310,2014 Winter,"XU, G."
0 , 95,36340,2014 Winter,"GOODRICH, M."
10 , 25,36360,2014 Winter,"BACHMAN, M.STAFF"
23 , 327,16080,2013 Winter,"KAY, D."
20 , 173,16100,2013 Winter,"THORNTON, A."
9 , 111,16130,2013 Winter,"PATTIS, R."
13 , 98,16140,2013 Winter,"THORNTON, A."
10 , 159,16150,2013 Winter,"PATTIS, R."
22 , 170,16170,2013 Winter,"DE FLAVIIS, F.STAFF"
30 , 35,16200,2013 Winter,"REGAN, A."
20 , 79,16270,2013 Winter,"BAGHERZADEH, N."
5 , 6,16280,2013 Winter,"ELTAWIL, A."
24 , 56,16290,2013 Winter,"SWINDLEHURST, A."
9 , 52,16310,2013 Winter,"XU, G."
7 , 75,16340,2013 Winter,"GOODRICH, M."
14 , 24,16360,2013 Winter,"BACHMAN, M.STAFF"
58 , 75,34100,2013 Winter,"FROST, D."
35,50,34110,2013 Winter,"FOWLKES, C."
39 , 75,34120,2013 Winter,"PATTERSON, D."
58 , 75,34130,2013 Winter,"SHEU, P."
110,110,34140,2013 Winter,"ESMAELNEZHAD, J."
5,35,34150,2013 Winter,"CAREY, M."
15,50,34160,2013 Winter,"VEIDENBAUM, A."
50,50,34170,2013 Winter,"EL ZARKI, M."
36,55,34180,2013 Winter,"TSUDIK, G."
33 , 52,34190,2013 Winter,"XU, G."
73,75,34210,2013 Winter,"VENKATASUBRAMA, N."
128,130,34230,2013 Winter,"SCHERSON, I."
68 , 75,34250,2013 Winter,"GOODRICH, M."
66 , 66,34260,2013 Winter,"GOODRICH, M."
65,130,34280,2013 Winter,"LATHROP, R."
45,65,34300,2013 Winter,"IHLER, A."
0,30,34320,2013 Winter,"ZIV, H."
36 , 40,34810,2013 Winter,"TSUDIK, G."
13,30,34820,2013 Winter,"MEENAKSHISUNDA, G."
79 , 100,34840,2013 Winter,"LOPES, C."
69,75,34850,2013 Winter,"CAREY, M."
39,55,34870,2013 Winter,"SCHERSON, I."
21,40,34890,2013 Winter,"FRANZ, M."
45 , 49,34900,2013 Winter,"BOZORGZADEH, E."
22 , 39,34920,2013 Winter,"LOPES, C."
60,60,34930,2013 Winter,"DILLENCOURT, M."
5,30,34950,2013 Winter,"GOODRICH, M."
33,60,34960,2013 Winter,"SMYTH, P."
60,60,34980,2013 Winter,"SMYTH, P."
3 , 327,36080,2013 Winter,"KAY, D."
0 , 173,36100,2013 Winter,"THORNTON, A."
1 , 111,36130,2013 Winter,"PATTIS, R."
2 , 98,36140,2013 Winter,"THORNTON, A."
2 , 159,36150,2013 Winter,"PATTIS, R."
1 , 170,36170,2013 Winter,"DE FLAVIIS, F.STAFF"
5 , 35,36200,2013 Winter,"REGAN, A."
2 , 79,36270,2013 Winter,"BAGHERZADEH, N."
1 , 6,36280,2013 Winter,"ELTAWIL, A."
6 , 56,36290,2013 Winter,"SWINDLEHURST, A."
3 , 52,36310,2013 Winter,"XU, G."
0 , 75,36340,2013 Winter,"GOODRICH, M."
10 , 24,36360,2013 Winter,"BACHMAN, M.STAFF"
15 , 107,16050,2013 Fall,"DANG, Q."
34 , 300,16100,2013 Fall,"KAY, D."
40 , 301,,2013 Fall,
11 , 135,16130,2013 Fall,"THORNTON, A."
6 , 106,16140,2013 Fall,"PATTIS, R."
18 , 299,16160,2013 Fall,"THORNTON, A."
24 , 27,16200,2013 Fall,"LEE, H."
23 , 84,16240,2013 Fall,"HEALEY, G."
15 , 177,16320,2013 Fall,"EPPSTEIN, D."
19 , 25,16330,2013 Fall,"BACHMAN, M."
32,50,34050,2013 Fall,"FOWLKES, C."
129 , 142,34080,2013 Fall,"SHEU, P."
114 , 152,34130,2013 Fall,"MARKOPOULOU, A."
138,140,34250,2013 Fall,"HARRIS, I."
159 , 177,34300,2013 Fall,"EPPSTEIN, D."
56,56,34320,2013 Fall,"REGAN, A."
122,131,34350,2013 Fall,"LATHROP, R."
49,52,34390,2013 Fall,"MJOLSNESS, E."
3 , 20,34397,2013 Fall,"LUO, R."
0,10,34400,2013 Fall,"XIE, X."
22,30,35202,2013 Fall,"JARECKI, S."
32,53,35205,2013 Fall,"MEENAKSHISUNDA, G."
54 , 106,35230,2013 Fall,"LEVORATO, M."
51,80,35300,2013 Fall,"NICOLAU, A."
44,50,35320,2013 Fall,"HIRSCHBERG, D."
39,53,35330,2013 Fall,"REGAN, A."
6,30,35347,2013 Fall,"IRANI, S."
44,52,35350,2013 Fall,"KASK, K."
98,103,35360,2013 Fall,"IHLER, A."
13,20,35370,2013 Fall,"XIE, X."
20,30,35550,2013 Fall,"XU, G."
5,20,35560,2013 Fall,"DECHTER, R."
0 , 107,36050,2013 Fall,"DANG, Q."
10 , 300,36100,2013 Fall,"KAY, D."
10 , 301,,2013 Fall,
1 , 135,36150,2013 Fall,"THORNTON, A."
0 , 106,36170,2013 Fall,"PATTIS, R."
6 , 299,36200,2013 Fall,"THORNTON, A."
3 , 27,36300,2013 Fall,"LEE, H."
9 , 84,36350,2013 Fall,"HEALEY, G."
3 , 177,36400,2013 Fall,"EPPSTEIN, D."
6 , 25,36450,2013 Fall,"BACHMAN, M."
30 , 167,16000,2013 Spring,"GAJSKI, D."
13 , 156,16300,2013 Spring,"PATTIS, R."
41 , 198,16350,2013 Spring,"THORNTON, A."
14 , 208,16400,2013 Spring,"PATTIS, R."
21 , 175,16450,2013 Spring,"HEALEY, G.SHIN, J."
8 , 155,16500,2013 Spring,"JAFAR, S."
29 , 147,16600,2013 Spring,"DILLENCOURT, M."
3 , 183,16610,2013 Spring,"THORNTON, A."
24 , 131,16640,2013 Spring,"ALFARO, S."
11 , 83,16800,2013 Spring,"GIVARGIS, T."
20 , 36,16880,2013 Spring,"FORESTA, J.MD. NAHIDUZZAM, K."
12,80,34050,2013 Spring,"MAJUMDER, A."
17,30,34100,2013 Spring,"MEENAKSHISUNDA, G."
41,50,34150,2013 Spring,"RAMANAN, D."
115 , 116,34200,2013 Spring,"MEHROTRA, S."
17,60,34250,2013 Spring,"CAREY, M."
84 , 106,34300,2013 Spring,"EL DEFRAWY, K."
56,65,34350,2013 Spring,"RASMUSSEN, K."
153 , 183,34400,2013 Spring,"THORNTON, A."
97 , 131,34450,2013 Spring,"ALFARO, S."
115 , 147,34500,2013 Spring,"DILLENCOURT, M."
71,75,34520,2013 Spring,"BIC, L."
65 , 83,34550,2013 Spring,"GIVARGIS, T."
18,40,34600,2013 Spring,"BOZORGZADEH, E."
81,85,34650,2013 Spring,"JARECKI, S."
3,30,34700,2013 Spring,"MJOLSNESS, E."
5,30,34740,2013 Spring,"XIE, X."
7 , 23,34760,2013 Spring,"UMEZAKI, K."
21,30,35215,2013 Spring,"XIE, X."
26,50,35225,2013 Spring,"JAIN, R."
10,30,35230,2013 Spring,"MAJUMDER, A."
36,60,35235,2013 Spring,"CAREY, M."
32 , 34,35250,2013 Spring,"VENKATASUBRAMA, N."
23,50,35252,2013 Spring,"SCHERSON, I."
5,30,35262,2013 Spring,"VEIDENBAUM, A."
3,30,35264,2013 Spring,"HARRIS, I."
12 , 25,35266,2013 Spring,"XU, G."
52,60,35270,2013 Spring,"EPPSTEIN, D."
6,20,35273,2013 Spring,"IRANI, S."
7,20,35275,2013 Spring,"IRANI, S."
14,30,35300,2013 Spring,"DECHTER, R."
49,50,35320,2013 Spring,"NEWMAN, D."
7,30,35330,2013 Spring,"MJOLSNESS, E."
7,30,35560,2013 Spring,"DUTT, N."
13,30,35562,2013 Spring,"KALASHNIKOV, D."
1 , 167,36000,2013 Spring,"GAJSKI, D."
1 , 156,36050,2013 Spring,"PATTIS, R."
1 , 198,36100,2013 Spring,"THORNTON, A."
2 , 208,36150,2013 Spring,"PATTIS, R."
4 , 175,36200,2013 Spring,"HEALEY, G.SHIN, J."
1 , 155,36250,2013 Spring,"JAFAR, S."
3 , 147,36300,2013 Spring,"DILLENCOURT, M."
1 , 183,36320,2013 Spring,"THORNTON, A."
10 , 131,36360,2013 Spring,"ALFARO, S."
7 , 83,36400,2013 Spring,"GIVARGIS, T."
16 , 36,36480,2013 Spring,"FORESTA, J.MD. NAHIDUZZAM, K."
18 , 126,16050,2012 Winter,"GAJSKI, D."
15 , 144,16080,2012 Winter,"KAY, D."
6 , 62,16100,2012 Winter,"THORNTON, A."
5 , 87,16140,2012 Winter,"PATTIS, R."
8 , 94,16170,2012 Winter,"DE FLAVIIS, F."
19 , 23,16200,2012 Winter,"REGAN, A."
11 , 112,16240,2012 Winter,"VENKATASUBRAMA, N."
16 , 72,16270,2012 Winter,"BAGHERZADEH, N."
29 , 49,16290,2012 Winter,"SWINDLEHURST, A."
16 , 117,16310,2012 Winter,"ALFARO, S."
6 , 64,16340,2012 Winter,"HIRSCHBERG, D."
21 , 30,16360,2012 Winter,"BACHMAN, M."
39,85,34100,2012 Winter,"MEENAKSHISUNDA, G."
50,50,34120,2012 Winter,"FOWLKES, C."
20 , 46,34140,2012 Winter,"LOPES, C."
84,120,34150,2012 Winter,"CAREY, M."
100,100,34170,2012 Winter,"LI, C."
75 , 117,34190,2012 Winter,"ALFARO, S."
18,50,34210,2012 Winter,"XU, G."
97 , 112,34220,2012 Winter,"VENKATASUBRAMA, N."
76,170,34270,2012 Winter,"SCHERSON, I."
56 , 64,34320,2012 Winter,"HIRSCHBERG, D."
68,100,34330,2012 Winter,"EPPSTEIN, D."
88,100,34450,2012 Winter,"FROST, D."
4,20,34480,2012 Winter,"MJOLSNESS, E."
8,40,34490,2012 Winter,"JAIN, R."
24,30,35410,2012 Winter,"JARECKI, S."
85,85,35420,2012 Winter,"LOPES, C."
28,30,35430,2012 Winter,"MEHROTRA, S."
54,55,35440,2012 Winter,"SCHERSON, I."
31,30,35460,2012 Winter,"FRANZ, M."
42,60,35470,2012 Winter,"BOZORGZADEH, E."
21,60,35480,2012 Winter,"VEIDENBAUM, A."
1,30,35490,2012 Winter,"DUTT, N."
48,60,35500,2012 Winter,"DILLENCOURT, M."
30,30,35510,2012 Winter,"EPPSTEIN, D."
3,30,35520,2012 Winter,"EPPSTEIN, D."
32,50,35530,2012 Winter,"LATHROP, R."
48,60,35540,2012 Winter,"SMYTH, P."
3,10,35560,2012 Winter,"MJOLSNESS, E."
7,30,35705,2012 Winter,"NICOLAU, A."
12,12,35710,2012 Winter,"JAIN, R."
10,25,35712,2012 Winter,"BALDI, P."
0 , 126,36050,2012 Winter,"GAJSKI, D."
2 , 144,36080,2012 Winter,"KAY, D."
0 , 62,36100,2012 Winter,"THORNTON, A."
1 , 87,36140,2012 Winter,"PATTIS, R."
0 , 94,36170,2012 Winter,"DE FLAVIIS, F."
4 , 23,36200,2012 Winter,"REGAN, A."
4 , 112,36240,2012 Winter,"VENKATASUBRAMA, N."
4 , 72,36270,2012 Winter,"BAGHERZADEH, N."
8 , 49,36290,2012 Winter,"SWINDLEHURST, A."
7 , 117,36310,2012 Winter,"ALFARO, S."
2 , 64,36340,2012 Winter,"HIRSCHBERG, D."
9 , 30,36360,2012 Winter,"BACHMAN, M."
12 , 159,16020,2012 Fall,"THORNTON, A."
19 , 151,16050,2012 Fall,"GAJSKI, D."
17 , 180,16100,2012 Fall,"KAY, D."
19 , 212,,2012 Fall,
3 , 89,16130,2012 Fall,"PATTIS, R."
19 , 28,16200,2012 Fall,"LEE, H."
25 , 61,16240,2012 Fall,"EBRAHIMI, P."
4 , 43,16270,2012 Fall,"HENNIGAN, E."
13 , 129,16320,2012 Fall,"GOODRICH, M."
23 , 36,16330,2012 Fall,"BACHMAN, M."
51 , 62,34050,2012 Fall,"FROST, D."
105 , 123,34090,2012 Fall,"SHEU, P."
1,50,34110,2012 Fall,"LI, C."
113,120,34130,2012 Fall,"JORDAN, S."
37 , 43,34150,2012 Fall,"HENNIGAN, E."
78,138,34250,2012 Fall,"DUTT, N."
112 , 129,34300,2012 Fall,"GOODRICH, M."
132,128,34350,2012 Fall,"LATHROP, R."
23,50,34390,2012 Fall,"MJOLSNESS, E."
42,80,34395,2012 Fall,"IHLER, A."
2 , 32,34397,2012 Fall,"LUO, R."
4,10,34400,2012 Fall,"XIE, X."
37,52,35205,2012 Fall,"MAJUMDER, A."
47,52,35207,2012 Fall,"FOWLKES, C."
64,80,35210,2012 Fall,"LI, C."
37 , 74,35230,2012 Fall,"JORDAN, S."
23 , 29,35240,2012 Fall,"RASMUSSEN, K."
49,50,35300,2012 Fall,"NICOLAU, A."
34,50,35320,2012 Fall,"HIRSCHBERG, D."
10,30,35347,2012 Fall,"GOODRICH, M."
46,52,35350,2012 Fall,"DECHTER, R."
68,82,35360,2012 Fall,"IHLER, A."
11,20,35370,2012 Fall,"XIE, X."
26,30,35550,2012 Fall,"BOZORGZADEH, E."
3 , 159,36010,2012 Fall,"THORNTON, A."
3 , 151,36030,2012 Fall,"GAJSKI, D."
0 , 180,36040,2012 Fall,"KAY, D."
5 , 212,,2012 Fall,
0 , 89,36060,2012 Fall,"PATTIS, R."
9 , 28,36080,2012 Fall,"LEE, H."
12 , 61,36100,2012 Fall,"EBRAHIMI, P."
2 , 43,36130,2012 Fall,"HENNIGAN, E."
4 , 129,36170,2012 Fall,"GOODRICH, M."
13 , 36,36180,2012 Fall,"BACHMAN, M."
8 , 123,16000,2012 Spring,"PATTIS, R."
13 , 116,16010,2012 Spring,"THORNTON, A."
10 , 178,16020,2012 Spring,"JACOBSON, N."
14 , 209,16080,2012 Spring,"CAPOLINO, F."
12 , 90,16100,2012 Spring,"TAURO, S."
28 , 138,16130,2012 Spring,"HEALEY, G."
23 , 125,16160,2012 Spring,"TAURO, S."
25 , 37,16220,2012 Spring,"FORESTA, J.BOZORGZADEH, E.MUSTAFA, H."
18,30,34010,2012 Spring,"MAJUMDER, A."
76 , 92,34050,2012 Spring,"CAREY, M."
72,85,34055,2012 Spring,"LI, C."
98 , 125,34150,2012 Spring,"TAURO, S."
75 , 90,34170,2012 Spring,"TAURO, S."
13,30,34180,2012 Spring,"NICOLAU, A."
60,70,34190,2012 Spring,"GIVARGIS, T."
142,160,34220,2012 Spring,"SCHERSON, I."
34,50,34230,2012 Spring,"BOZORGZADEH, E."
36,50,34240,2012 Spring,"VEIDENBAUM, A."
99,100,34290,2012 Spring,"EPPSTEIN, D."
3,30,34320,2012 Spring,"MJOLSNESS, E."
34,45,34325,2012 Spring,"DUTT, N.JEONG, G."
0 , 15,34330,2012 Spring,"UMEZAKI, K."
46 , 59,35235,2012 Spring,"VENKATASUBRAMA, N."
48,50,35252,2012 Spring,"SCHERSON, I."
48,52,35254,2012 Spring,"GIVARGIS, T."
5,30,35255,2012 Spring,"DUTT, N."
4 , 8,35260,2012 Spring,"DOURISH, J."
61,80,35262,2012 Spring,"VEIDENBAUM, A."
12,50,35265,2012 Spring,"IRANI, S."
7,20,35273,2012 Spring,"HIRSCHBERG, D."
6,20,35275,2012 Spring,"EPPSTEIN, D."
35,50,35290,2012 Spring,"IHLER, A."
10,30,35330,2012 Spring,"MJOLSNESS, E."
0 , 10,35335,2012 Spring,"WAN, F."
9,30,35560,2012 Spring,"REGAN, A."
2 , 6,35565,2012 Spring,"SMYTH, P.HAYES, G."
0 , 123,36000,2012 Spring,"PATTIS, R."
1 , 116,36010,2012 Spring,"THORNTON, A."
5 , 178,36020,2012 Spring,"JACOBSON, N."
5 , 209,36050,2012 Spring,"CAPOLINO, F."
3 , 90,36100,2012 Spring,"TAURO, S."
9 , 138,36110,2012 Spring,"HEALEY, G."
4 , 125,36160,2012 Spring,"TAURO, S."
12 , 37,36180,2012 Spring,"FORESTA, J.BOZORGZADEH, E.MUSTAFA, H."
6 , 109,16010,2011 Winter,"JACOBSON, N."
12 , 137,16030,2011 Winter,STAFF
3 , 80,16050,2011 Winter,"PATTIS, R."
29 , 37,16070,2011 Winter,STAFF
8 , 102,16090,2011 Winter,"GAJSKI, D."
8 , 87,16130,2011 Winter,"DE FLAVIIS, F."
20 , 26,16150,2011 Winter,"TAURO, S."
17 , 100,16170,2011 Winter,"VENKATASUBRAMA, N."
3 , 32,16190,2011 Winter,"FROST, D."
30 , 49,16220,2011 Winter,"BAGHERZADEH, N.STAFF"
31 , 50,16230,2011 Winter,"SWINDLEHURST, A."
18 , 65,16240,2011 Winter,"TAURO, S."
2 , 90,16260,2011 Winter,"DILLENCOURT, M."
27 , 34,16280,2011 Winter,"CHOU, P.HARRIS, I.MUSTAFA, H."
64,78,34100,2011 Winter,"MEENAKSHISUNDA, G."
22 , 41,34140,2011 Winter,"LOPES, C."
60,60,34150,2011 Winter,"MEHROTRA, S."
24,50,34170,2011 Winter,"EL ZARKI, M."
40 , 65,34190,2011 Winter,"TAURO, S."
79 , 100,34220,2011 Winter,"VENKATASUBRAMA, N."
35,110,34260,2011 Winter,"HUMMEL, J."
85 , 90,34320,2011 Winter,"DILLENCOURT, M."
32,78,34430,2011 Winter,"LATHROP, R."
42,55,34440,2011 Winter,"WELLING, M."
15,55,34510,2011 Winter,"IHLER, A."
6,30,34515,2011 Winter,"MJOLSNESS, E."
13,30,34525,2011 Winter,"XIE, X."
21,30,35515,2011 Winter,"JARECKI, S."
36 , 50,35520,2011 Winter,"TSUDIK, G."
21,30,35525,2011 Winter,"FOWLKES, C."
56,56,35530,2011 Winter,"LOPES, C."
30,30,35535,2011 Winter,"MEHROTRA, S."
55,55,35540,2011 Winter,"SCHERSON, I."
29,55,35555,2011 Winter,"FRANZ, M."
50,50,35560,2011 Winter,"BOZORGZADEH, E."
25 , 40,35565,2011 Winter,"PATTERSON, D."
5,30,35575,2011 Winter,"DUTT, N."
15,52,35580,2011 Winter,"HIRSCHBERG, D."
23,30,35585,2011 Winter,"EPPSTEIN, D."
5,30,35590,2011 Winter,"IRANI, S."
48,50,35595,2011 Winter,"SMYTH, P."
1,30,35710,2011 Winter,"MAJUMDER, A."
7,30,35712,2011 Winter,"XU, G."
10,25,36714,2011 Winter,"XIE, X."
0,25,,2011 Winter,
0 , 109,36000,2011 Winter,"JACOBSON, N."
3 , 137,36010,2011 Winter,STAFF
3 , 80,36030,2011 Winter,"PATTIS, R."
8 , 37,36050,2011 Winter,STAFF
4 , 102,36060,2011 Winter,"GAJSKI, D."
0 , 87,36070,2011 Winter,"DE FLAVIIS, F."
6 , 26,36090,2011 Winter,"TAURO, S."
4 , 100,36130,2011 Winter,"VENKATASUBRAMA, N."
1 , 32,36150,2011 Winter,"FROST, D."
4 , 49,36180,2011 Winter,"BAGHERZADEH, N.STAFF"
7 , 50,36200,2011 Winter,"SWINDLEHURST, A."
5 , 65,36230,2011 Winter,"TAURO, S."
3 , 90,36260,2011 Winter,"DILLENCOURT, M."
7 , 34,36380,2011 Winter,"CHOU, P.HARRIS, I.MUSTAFA, H."
14 , 110,16010,2011 Fall,"JACOBSON, N."
0 , 11,16020,2011 Fall,"TAURO, S."
6 , 40,16030,2011 Fall,"PATTIS, R."
6 , 65,16050,2011 Fall,"GAJSKI, D."
30 , 41,16200,2011 Fall,"LEE, H."
22 , 48,16220,2011 Fall,"SIM, S."
33 , 69,16240,2011 Fall,"JAFARKHANI, H."
2 , 25,16260,2011 Fall,STAFF
11 , 60,16270,2011 Fall,"FRANZ, M."
29 , 38,16300,2011 Fall,"KURDAHI, F."
21 , 93,16320,2011 Fall,"GOODRICH, M."
26 , 38,16330,2011 Fall,"HARRIS, I.CHOU, P."
48 , 56,34050,2011 Fall,"FROST, D."
77 , 79,34090,2011 Fall,"SHEU, P."
35,65,34100,2011 Fall,"LI, C."
6,32,34110,2011 Fall,"JAIN, R."
49,52,34130,2011 Fall,"JORDAN, S."
19 , 25,34140,2011 Fall,STAFF
43 , 60,34150,2011 Fall,"FRANZ, M."
20,30,34180,2011 Fall,"BIC, L."
11,30,34200,2011 Fall,"HAYES, W."
65,131,34250,2011 Fall,"DUTT, N."
70 , 93,34300,2011 Fall,"GOODRICH, M."
20,52,34340,2011 Fall,"REGAN, A."
44,97,34350,2011 Fall,"IHLER, A."
23,55,34390,2011 Fall,"MJOLSNESS, E."
6,10,34400,2011 Fall,"XIE, X."
3,32,34450,2011 Fall,"JAIN, R."
15,45,35205,2011 Fall,"MAJUMDER, A."
8,45,35207,2011 Fall,"FOWLKES, C."
12,40,35210,2011 Fall,"CAREY, M."
20,20,35215,2011 Fall,"JAIN, R."
32 , 51,35230,2011 Fall,"JORDAN, S."
2,30,35300,2011 Fall,"DUTT, N."
9,100,35320,2011 Fall,"DILLENCOURT, M."
23,52,35330,2011 Fall,"EPPSTEIN, D."
29,52,35345,2011 Fall,"REGAN, A."
13,65,35350,2011 Fall,"LATHROP, R."
19,30,35360,2011 Fall,"WELLING, M."
5,20,35370,2011 Fall,"XIE, X."
9,30,35552,2011 Fall,"JAIN, R."
11,30,35554,2011 Fall,"MEENAKSHISUNDA, G."
11,30,35555,2011 Fall,"NICOLAU, A."
6 , 110,36000,2011 Fall,"JACOBSON, N."
0 , 11,36010,2011 Fall,"TAURO, S."
0 , 40,36020,2011 Fall,"PATTIS, R."
3 , 65,36030,2011 Fall,"GAJSKI, D."
11 , 41,36050,2011 Fall,"LEE, H."
7 , 48,36080,2011 Fall,"SIM, S."
10 , 69,36100,2011 Fall,"JAFARKHANI, H."
0 , 25,36120,2011 Fall,STAFF
6 , 60,36130,2011 Fall,"FRANZ, M."
9 , 38,36150,2011 Fall,"KURDAHI, F."
2 , 93,36170,2011 Fall,"GOODRICH, M."
12 , 38,36180,2011 Fall,"HARRIS, I.CHOU, P."
7 , 62,16000,2011 Spring,"PATTIS, R."
1 , 22,16010,2011 Spring,"IRANI, S."
3 , 49,16020,2011 Spring,"JACOBSON, N."
8 , 74,16080,2011 Spring,"CAPOLINO, F.STAFFSTAFF"
4 , 23,16100,2011 Spring,"DILLENCOURT, M."
25 , 123,16130,2011 Spring,"HEALEY, G.STAFF"
1 , 33,16140,2011 Spring,"TAURO, S."
18 , 119,16160,2011 Spring,"TAURO, S."
15 , 28,16220,2011 Spring,"FORESTA, J.BOZORGZADEH, E.STAFF"
10,30,34010,2011 Spring,"MAJUMDER, A."
13,30,34030,2011 Spring,"MEENAKSHISUNDA, G."
0,30,34040,2011 Spring,"RAMANAN, D."
36 , 40,34050,2011 Spring,"MEHROTRA, S."
55,55,34055,2011 Spring,"LI, C."
60,60,34060,2011 Spring,"JORDAN, S."
0,0,34070,2011 Spring,STAFF
40,40,34120,2011 Spring,"TSUDIK, G."
25 , 33,34130,2011 Spring,"TAURO, S."
92 , 119,34150,2011 Spring,"TAURO, S."
18 , 23,34170,2011 Spring,"DILLENCOURT, M."
60,60,34190,2011 Spring,"GIVARGIS, T."
48,50,34290,2011 Spring,"EPPSTEIN, D."
15,15,34300,2011 Spring,"GOODRICH, M."
18,30,34310,2011 Spring,"HIRSCHBERG, D."
50,100,34320,2011 Spring,"LATHROP, R."
12,30,34330,2011 Spring,"XIE, X."
27,30,34340,2011 Spring,"DECHTER, R."
30,30,35200,2011 Spring,"ARVO, J."
30,30,35225,2011 Spring,"CAREY, M."
10,30,35230,2011 Spring,"MEHROTRA, S."
19 , 27,35235,2011 Spring,"VENKATASUBRAMA, N."
5 , 11,35250,2011 Spring,"VENKATASUBRAMA, N."
17,30,35252,2011 Spring,"NICOLAU, A."
23 , 30,35254,2011 Spring,"HARRIS, I."
11 , 18,35260,2011 Spring,"DOURISH, J."
30,30,35265,2011 Spring,"VEIDENBAUM, A."
2,30,35270,2011 Spring,"DUTT, N."
14,15,35273,2011 Spring,"GOODRICH, M."
3,30,35275,2011 Spring,"IRANI, S."
28,55,35280,2011 Spring,"IHLER, A."
30,30,35290,2011 Spring,"IHLER, A."
13,30,35300,2011 Spring,"DECHTER, R."
0,30,35320,2011 Spring,"SMYTH, P."
8,30,35325,2011 Spring,"BALDI, P."
6,30,35330,2011 Spring,"MJOLSNESS, E."
3,30,35565,2011 Spring,"AMARO, R."
0,30,,2011 Spring,
0,30,35575,2011 Spring,"BALDI, P."
0,30,,2011 Spring,
2,30,35590,2011 Spring,"XIE, X."
0 , 62,36000,2011 Spring,"PATTIS, R."
0 , 22,36010,2011 Spring,"IRANI, S."
0 , 49,36020,2011 Spring,"JACOBSON, N."
3 , 74,36050,2011 Spring,"CAPOLINO, F.STAFFSTAFF"
1 , 23,36100,2011 Spring,"DILLENCOURT, M."
5 , 123,36110,2011 Spring,"HEALEY, G.STAFF"
1 , 33,36120,2011 Spring,"TAURO, S."
9 , 119,36160,2011 Spring,"TAURO, S."
13 , 28,36180,2011 Spring,"FORESTA, J.BOZORGZADEH, E.STAFF"
4 , 12,16010,2010 Winter,"JACOBSON, N."
9 , 89,16030,2010 Winter,"THORNTON, A."
3 , 72,16050,2010 Winter,"PATTIS, R."
19 , 25,16070,2010 Winter,"DEMSKY, B."
22 , 90,16090,2010 Winter,"GAJSKI, D."
5 , 177,16130,2010 Winter,"DE FLAVIIS, F."
21 , 31,16150,2010 Winter,"TAURO, S."
18 , 75,16170,2010 Winter,"DILLENCOURT, M."
5 , 17,16190,2010 Winter,"SIM, S."
29 , 64,16210,2010 Winter,"BAGHERZADEH, N."
18 , 39,16230,2010 Winter,"SWINDLEHURST, A."
20 , 122,16250,2010 Winter,"THORNTON, A."
2 , 21,16260,2010 Winter,"HIRSCHBERG, D."
13 , 34,16280,2010 Winter,"CHOU, P.HARRIS, I."
34,50,34100,2010 Winter,"MAJUMDER, A."
3,30,34105,2010 Winter,"FOWLKES, C."
14 , 32,34110,2010 Winter,"LOPES, C."
40,65,34120,2010 Winter,"CAREY, M."
53,70,34130,2010 Winter,"LI, C."
18,50,34160,2010 Winter,"EL ZARKI, M."
79 , 122,34190,2010 Winter,"THORNTON, A."
20,20,34200,2010 Winter,"TAURO, S."
55 , 75,34220,2010 Winter,"DILLENCOURT, M."
39,55,34260,2010 Winter,"HARRIS, I."
80,110,34270,2010 Winter,"VEIDENBAUM, A."
25,40,34280,2010 Winter,"GIVARGIS, T."
19 , 21,34320,2010 Winter,"HIRSCHBERG, D."
56,65,34430,2010 Winter,"ARVO, J."
55,55,34440,2010 Winter,"WELLING, M."
24,30,34510,2010 Winter,"IHLER, A."
2,15,34520,2010 Winter,"JAIN, R."
3 , 25,34530,2010 Winter,"UMEZAKI, K."
37,50,35510,2010 Winter,"MAJUMDER, A."
21,30,35515,2010 Winter,"JAIN, R."
22,23,35520,2010 Winter,"LOPES, C."
23,30,35525,2010 Winter,"MEHROTRA, S."
52,56,35530,2010 Winter,"VENKATASUBRAMA, N."
12 , 20,35540,2010 Winter,"BAO, L."
33,56,35550,2010 Winter,STAFF
22 , 40,35560,2010 Winter,"LOPES, C."
3,30,35565,2010 Winter,"DUTT, N."
30,30,35575,2010 Winter,"EPPSTEIN, D."
52,52,35580,2010 Winter,"WELLING, M."
5,30,35585,2010 Winter,"SMYTH, P."
2,30,35710,2010 Winter,"FOWLKES, C."
3,30,35715,2010 Winter,"NICOLAU, A."
2,30,35725,2010 Winter,"VENKATASUBRAMA, N."
21,30,35730,2010 Winter,"XIE, X."
15,15,35740,2010 Winter,"JAIN, R."
4,30,35745,2010 Winter,"DECHTER, R."
0 , 12,36000,2010 Winter,"JACOBSON, N."
0 , 89,36010,2010 Winter,"THORNTON, A."
2 , 72,36020,2010 Winter,"PATTIS, R."
6 , 25,36030,2010 Winter,"DEMSKY, B."
6 , 90,36040,2010 Winter,"GAJSKI, D."
1 , 177,36060,2010 Winter,"DE FLAVIIS, F."
10 , 31,36068,2010 Winter,"TAURO, S."
2 , 75,36100,2010 Winter,"DILLENCOURT, M."
1 , 17,36105,2010 Winter,"SIM, S."
10 , 64,36130,2010 Winter,"BAGHERZADEH, N."
14 , 39,36140,2010 Winter,"SWINDLEHURST, A."
11 , 122,36150,2010 Winter,"THORNTON, A."
0 , 21,36160,2010 Winter,"HIRSCHBERG, D."
21 , 34,36180,2010 Winter,"CHOU, P.HARRIS, I."
21 , 127,16010,2010 Fall,"JACOBSON, N."
1 , 25,16020,2010 Fall,"THORNTON, A."
1 , 27,16030,2010 Fall,"PATTIS, R."
15 , 57,16050,2010 Fall,"GAUDIOT, J."
31 , 40,16200,2010 Fall,"LEE, H."
25 , 79,16220,2010 Fall,STAFF
21 , 46,16240,2010 Fall,"JAFARKHANI, H."
3 , 38,16270,2010 Fall,"TAURO, S."
13 , 24,16300,2010 Fall,"KURDAHI, F."
26 , 59,16320,2010 Fall,"DILLENCOURT, M."
23 , 33,16330,2010 Fall,"HARRIS, I.CHOU, P."
75,76,34040,2010 Fall,"MEENAKSHISUNDA, G."
22 , 23,34050,2010 Fall,"FROST, D."
58 , 66,34090,2010 Fall,"SHEU, P."
46,52,34130,2010 Fall,"SUDA, T."
33 , 38,34180,2010 Fall,"TAURO, S."
15,30,34200,2010 Fall,"HAYES, W."
40,50,34250,2010 Fall,"BOZORGZADEH, E."
28 , 59,34300,2010 Fall,"DILLENCOURT, M."
65,110,34350,2010 Fall,"WELLING, M."
14,30,35205,2010 Fall,"TSUDIK, G."
12,30,35215,2010 Fall,"FOWLKES, C."
15,30,35225,2010 Fall,"LI, C."
24 , 29,35230,2010 Fall,"SUDA, T."
13,52,35320,2010 Fall,"REGAN, A."
2,30,35345,2010 Fall,"IRANI, S."
12,30,35350,2010 Fall,"LATHROP, R."
3,30,35360,2010 Fall,"DECHTER, R."
1,30,35365,2010 Fall,"SMYTH, P."
2,30,35370,2010 Fall,"XIE, X."
3,30,35550,2010 Fall,"SUDA, T."
1,30,35552,2010 Fall,"KALASHNIKOV, D."
2 , 127,36000,2010 Fall,"JACOBSON, N."
0 , 25,36010,2010 Fall,"THORNTON, A."
2 , 27,36020,2010 Fall,"PATTIS, R."
4 , 57,36030,2010 Fall,"GAUDIOT, J."
9 , 40,36050,2010 Fall,"LEE, H."
5 , 79,36080,2010 Fall,STAFF
10 , 46,36100,2010 Fall,"JAFARKHANI, H."
2 , 38,36130,2010 Fall,"TAURO, S."
11 , 24,36150,2010 Fall,"KURDAHI, F."
5 , 59,36170,2010 Fall,"DILLENCOURT, M."
10 , 33,36180,2010 Fall,"HARRIS, I.CHOU, P."
1 , 7,16010,2010 Spring,"THORNTON, A."
1 , 32,16020,2010 Spring,"JACOBSON, N."
8 , 57,16080,2010 Spring,"BURKE, P."
11 , 52,16100,2010 Spring,"FRANKLIN, S."
27 , 100,16130,2010 Spring,"HEALEY, G."
27 , 119,16160,2010 Spring,"TAURO, S."
4 , 50,16200,2010 Spring,"DILLENCOURT, M."
2 , 3,16220,2010 Spring,"FORESTA, J.BOZORGZADEH, E."
9,30,34010,2010 Spring,"MAJUMDER, A."
69 , 74,34020,2010 Spring,"FROST, D."
14,30,34030,2010 Spring,"MEENAKSHISUNDA, G."
5,30,34040,2010 Spring,"RAMANAN, D."
46 , 47,34050,2010 Spring,"MEHROTRA, S."
7,10,34060,2010 Spring,"JAIN, R."
16,30,34110,2010 Spring,"BAO, L."
88 , 119,34150,2010 Spring,"TAURO, S."
38 , 52,34170,2010 Spring,"FRANKLIN, S."
52,52,34190,2010 Spring,"GIVARGIS, T."
55,55,34260,2010 Spring,"VEIDENBAUM, A."
42 , 50,34280,2010 Spring,"DILLENCOURT, M."
35,40,34290,2010 Spring,"EPPSTEIN, D."
12,30,34300,2010 Spring,"GOODRICH, M."
15,25,34310,2010 Spring,"HIRSCHBERG, D."
30,30,34320,2010 Spring,"JARECKI, S."
3,30,34330,2010 Spring,"XIE, X."
34,50,34340,2010 Spring,"ASUNCION, A."
3,40,34370,2010 Spring,"DECHTER, R."
3 , 25,34390,2010 Spring,"UMEZAKI, K."
2,30,35200,2010 Spring,"MEENAKSHISUNDA, G."
8,30,35215,2010 Spring,"MAJUMDER, A."
7,30,35220,2010 Spring,"FOWLKES, C."
17,30,35225,2010 Spring,"LI, C."
5,30,35230,2010 Spring,"MEHROTRA, S."
20,20,35235,2010 Spring,"JAIN, R."
21 , 21,35240,2010 Spring,"BAO, L."
11 , 12,35250,2010 Spring,"VENKATASUBRAMA, N."
1 , 5,35260,2010 Spring,"DOURISH, J."
1,30,35273,2010 Spring,"BOZORGZADEH, E."
3,30,35275,2010 Spring,"GOODRICH, M."
30,30,35280,2010 Spring,"LATHROP, R."
30,30,35290,2010 Spring,"WELLING, M."
5,30,35320,2010 Spring,"SMYTH, P."
9,30,35330,2010 Spring,"MJOLSNESS, E."
3,30,35510,2010 Spring,"DECHTER, R.IHLER, A."
2,30,35515,2010 Spring,"DUTT, N."
1,30,35520,2010 Spring,"KALASHNIKOV, D."
1,30,35530,2010 Spring,"LATHROP, R."
2,30,35550,2010 Spring,"NICOLAU, A."
5,30,35560,2010 Spring,"VEIDENBAUM, A."
0 , 7,36010,2010 Spring,"THORNTON, A."
2 , 32,36020,2010 Spring,"JACOBSON, N."
3 , 57,36050,2010 Spring,"BURKE, P."
3 , 52,36100,2010 Spring,"FRANKLIN, S."
8 , 100,36110,2010 Spring,"HEALEY, G."
4 , 119,36160,2010 Spring,"TAURO, S."
4 , 50,36170,2010 Spring,"DILLENCOURT, M."
1 , 3,36180,2010 Spring,"FORESTA, J.BOZORGZADEH, E."
0 , 113,16010,2009 Winter,"JACOBSON, N."
4 , 59,16030,2009 Winter,"THORNTON, A."
7 , 47,16050,2009 Winter,"IRANI, S."
25 , 29,16070,2009 Winter,"DEMSKY, B."
36 , 126,16090,2009 Winter,"GAJSKI, D."
0 , 58,16110,2009 Winter,"JAFAR, S."
0 , 19,,2009 Winter,
44 , 56,16150,2009 Winter,"REGAN, A."
23 , 92,16170,2009 Winter,"DILLENCOURT, M."
8 , 15,16190,2009 Winter,"SIM, S."
22 , 36,16210,2009 Winter,"LANG, T."
33 , 46,16230,2009 Winter,"SWINDLEHURST, A."
21 , 66,16250,2009 Winter,"TAURO, S."
25 , 27,16280,2009 Winter,"HARRIS, I.PENNY, S."
27,30,34105,2009 Winter,"FOWLKES, C."
6 , 21,34110,2009 Winter,"LOPES, C."
50,50,34130,2009 Winter,"LI, C."
47,60,34140,2009 Winter,"BAO, L."
29,55,34160,2009 Winter,"EL ZARKI, M."
37 , 66,34190,2009 Winter,"TAURO, S."
11,30,34200,2009 Winter,"TAURO, S."
67 , 92,34220,2009 Winter,"DILLENCOURT, M."
48,50,34260,2009 Winter,"BOZORGZADEH, E."
21,30,34280,2009 Winter,"GIVARGIS, T."
14,30,34310,2009 Winter,"VEIDENBAUM, A."
64,100,34430,2009 Winter,"FROST, D."
50,50,34440,2009 Winter,"DECHTER, R."
18,30,34510,2009 Winter,"IHLER, A."
13,30,35510,2009 Winter,"MAJUMDER, A."
17,30,35513,2009 Winter,"PATTERSON, D."
45,50,35515,2009 Winter,"CAREY, M."
26,30,35520,2009 Winter,"VENKATASUBRAMA, N."
4 , 4,35530,2009 Winter,"HARRIS, I."
7,30,35535,2009 Winter,"GIVARGIS, T."
2 , 15,35540,2009 Winter,"LOPES, C."
21,50,35545,2009 Winter,"VEIDENBAUM, A."
5,30,35550,2009 Winter,"BOZORGZADEH, E."
18,50,35560,2009 Winter,"REGAN, A."
19,30,35565,2009 Winter,"EPPSTEIN, D."
8,30,35570,2009 Winter,"IRANI, S."
5,30,35575,2009 Winter,"GOODRICH, M."
30,30,35580,2009 Winter,"IHLER, A."
30,30,35583,2009 Winter,"SMYTH, P."
11,30,35585,2009 Winter,"SMYTH, P."
6,30,35710,2009 Winter,"FOWLKES, C."
4,30,35715,2009 Winter,"MEHROTRA, S."
0,30,35720,2009 Winter,"MEENAKSHISUNDA, G."
1,30,35725,2009 Winter,"VENKATASUBRAMA, N."
5,30,35730,2009 Winter,"XIE, X."
3 , 113,36000,2009 Winter,"JACOBSON, N."
3 , 59,36010,2009 Winter,"THORNTON, A."
4 , 47,36020,2009 Winter,"IRANI, S."
4 , 29,36030,2009 Winter,"DEMSKY, B."
5 , 126,36040,2009 Winter,"GAJSKI, D."
0 , 58,36050,2009 Winter,"JAFAR, S."
0 , 19,,2009 Winter,
12 , 56,36068,2009 Winter,"REGAN, A."
2 , 92,36100,2009 Winter,"DILLENCOURT, M."
2 , 15,36105,2009 Winter,"SIM, S."
6 , 36,36130,2009 Winter,"LANG, T."
4 , 46,36140,2009 Winter,"SWINDLEHURST, A."
7 , 66,36150,2009 Winter,"TAURO, S."
2 , 27,36180,2009 Winter,"HARRIS, I.PENNY, S."
16 , 83,16010,2009 Fall,"JACOBSON, N."
3 , 18,16020,2009 Fall,"THORNTON, A."
5 , 21,16030,2009 Fall,"PATTIS, R."
19 , 81,16050,2009 Fall,"GAUDIOT, J."
33 , 39,16200,2009 Fall,"LEE, H."
18 , 44,16220,2009 Fall,"SIM, S."
15 , 52,16240,2009 Fall,"JAFARKHANI, H."
12 , 102,16250,2009 Fall,"THORNTON, A."
1 , 21,16270,2009 Fall,"TAURO, S."
11 , 41,16300,2009 Fall,"CHAUDHRY, M."
13 , 65,16320,2009 Fall,"EPPSTEIN, D."
16 , 25,16330,2009 Fall,"HARRIS, I.PENNY, S."
0,70,34040,2009 Fall,"ARVO, J."
20 , 23,34050,2009 Fall,"FROST, D."
35 , 45,34090,2009 Fall,"SHEU, P."
9 , 9,34095,2009 Fall,"CAREY, M."
31,50,34100,2009 Fall,"LI, C."
32,55,34130,2009 Fall,"SUDA, T."
67 , 102,34150,2009 Fall,"THORNTON, A."
20 , 21,34180,2009 Fall,"TAURO, S."
21,30,34200,2009 Fall,"BIC, L."
29,50,34250,2009 Fall,"DUTT, N."
12,30,34270,2009 Fall,"BOZORGZADEH, E."
49 , 65,34300,2009 Fall,"EPPSTEIN, D."
43,50,34310,2009 Fall,"ARVO, J."
51,110,34350,2009 Fall,"WELLING, M."
2,15,34370,2009 Fall,"JAIN, R."
3,30,35203,2009 Fall,"JARECKI, S."
7 , 9,35205,2009 Fall,"TSUDIK, G."
11,30,35210,2009 Fall,"JAIN, R."
8,30,35215,2009 Fall,"RAMANAN, D."
14,30,35220,2009 Fall,"PATTERSON, D."
13 , 18,35230,2009 Fall,"SUDA, T.NAKANO, T."
9,30,35250,2009 Fall,"FRANZ, M."
1,30,35310,2009 Fall,"DUTT, N."
14,30,35320,2009 Fall,"DILLENCOURT, M."
4,30,35330,2009 Fall,"GOODRICH, M."
1,30,35335,2009 Fall,"IRANI, S."
0,30,35340,2009 Fall,"HIRSCHBERG, D."
3,30,35345,2009 Fall,"IRANI, S."
4,30,35350,2009 Fall,"WELLING, M."
9,30,35355,2009 Fall,"DECHTER, R."
12,20,35360,2009 Fall,"JORDAN, S."
1,30,35365,2009 Fall,"SMYTH, P."
2,30,35370,2009 Fall,"XIE, X."
0,30,35550,2009 Fall,"AMARO, R."
0,30,35555,2009 Fall,"BIC, L."
3,15,35570,2009 Fall,"JAIN, R."
6,30,35590,2009 Fall,"LI, C."
0,30,35595,2009 Fall,"MJOLSNESS, E."
11,30,35597,2009 Fall,"CAREY, M."
0 , 83,36000,2009 Fall,"JACOBSON, N."
1 , 18,36010,2009 Fall,"THORNTON, A."
0 , 21,36020,2009 Fall,"PATTIS, R."
20 , 81,36030,2009 Fall,"GAUDIOT, J."
6 , 39,36050,2009 Fall,"LEE, H."
1 , 44,36080,2009 Fall,"SIM, S."
20 , 52,36100,2009 Fall,"JAFARKHANI, H."
2 , 102,36110,2009 Fall,"THORNTON, A."
0 , 21,36130,2009 Fall,"TAURO, S."
15 , 41,36150,2009 Fall,"CHAUDHRY, M."
3 , 65,36170,2009 Fall,"EPPSTEIN, D."
9 , 25,36180,2009 Fall,"HARRIS, I.PENNY, S."
15 , 63,16010,2009 Spring,"TAURO, S."
32 , 112,16020,2009 Spring,"JACOBSON, N."
15 , 77,16080,2009 Spring,"BURKE, P."
12 , 60,16100,2009 Spring,"DILLENCOURT, M."
42 , 120,16130,2009 Spring,"HEALEY, G."
32 , 131,16160,2009 Spring,"TAURO, S."
15 , 99,16200,2009 Spring,"DILLENCOURT, M."
40 , 49,16220,2009 Spring,"FORESTA, J."
17,30,34010,2009 Spring,"MAJUMDER, A."
56 , 60,34020,2009 Spring,"FROST, D."
10,30,34030,2009 Spring,"MEENAKSHISUNDA, G."
67 , 74,34050,2009 Spring,"CAREY, M."
33,65,34060,2009 Spring,"JACOBSON, N."
12,30,34070,2009 Spring,"VEIDENBAUM, A."
23,30,34110,2009 Spring,"BAO, L."
29,30,34120,2009 Spring,"TSUDIK, G."
93 , 131,34150,2009 Spring,"TAURO, S."
46 , 60,34170,2009 Spring,"DILLENCOURT, M."
4,30,34190,2009 Spring,"NICOLAU, A."
17,50,34210,2009 Spring,"HAYES, W."
62,100,34260,2009 Spring,"SCHERSON, I."
79 , 99,34300,2009 Spring,"DILLENCOURT, M."
22,25,34320,2009 Spring,"HIRSCHBERG, D."
18,30,34330,2009 Spring,"XIE, X."
35,40,34340,2009 Spring,"LATHROP, R."
21,30,34360,2009 Spring,"IHLER, A."
41,40,35200,2009 Spring,"ARVO, J."
10,30,35210,2009 Spring,"MEENAKSHISUNDA, G."
10,30,35220,2009 Spring,"RAMANAN, D."
23,30,35240,2009 Spring,"SCHERSON, I."
4,30,35275,2009 Spring,"VEIDENBAUM, A."
6,30,35280,2009 Spring,"IRANI, S."
23,50,35290,2009 Spring,"WELLING, M."
9,30,35310,2009 Spring,"DECHTER, R."
13,30,35320,2009 Spring,"SMYTH, P."
18,30,35330,2009 Spring,"MJOLSNESS, E."
12,30,35510,2009 Spring,"BALDI, P."
14,30,35515,2009 Spring,"DUTT, N."
8,30,35520,2009 Spring,"FOWLKES, C."
22,30,35530,2009 Spring,"GOODRICH, M."
5,30,35550,2009 Spring,"JARECKI, S."
9,30,35560,2009 Spring,"MAJUMDER, A."
4,30,35580,2009 Spring,"SUDA, T."
3,30,35590,2009 Spring,"LI, C."
3 , 63,36010,2009 Spring,"TAURO, S."
5 , 112,36020,2009 Spring,"JACOBSON, N."
2 , 77,36050,2009 Spring,"BURKE, P."
2 , 60,36100,2009 Spring,"DILLENCOURT, M."
5 , 120,36110,2009 Spring,"HEALEY, G."
6 , 131,36160,2009 Spring,"TAURO, S."
5 , 99,36170,2009 Spring,"DILLENCOURT, M."
9 , 49,36180,2009 Spring,"FORESTA, J."
15 , 131,16010,2008 Winter,"JACOBSON, N."
18 , 75,16030,2008 Winter,"THORNTON, A."
7 , 53,16050,2008 Winter,"JACOBSON, N."
15 , 17,16070,2008 Winter,"ARVO, J."
24 , 86,16090,2008 Winter,"GAJSKI, D."
5 , 104,16110,2008 Winter,"JAFAR, S."
6 , 101,,2008 Winter,
27 , 34,16150,2008 Winter,"REGAN, A."
20 , 76,16170,2008 Winter,"FRANKLIN, S."
6 , 55,16190,2008 Winter,"SIM, S."
20 , 37,16210,2008 Winter,"LANG, T."
33 , 50,16230,2008 Winter,"SWINDLEHURST, A."
18 , 62,16250,2008 Winter,"TAURO, S."
28 , 38,16280,2008 Winter,"HARRIS, I.JENKS, S."
13,30,34105,2008 Winter,"FOWLKES, C."
6 , 38,34110,2008 Winter,"PATTERSON, D."
46 , 50,34130,2008 Winter,"JAIN, R."
10,10,34135,2008 Winter,"JAIN, R."
55,55,34140,2008 Winter,"SUDA, T.NAKANO, T."
27,55,34160,2008 Winter,"EL ZARKI, M."
13,30,34170,2008 Winter,"TSUDIK, G."
41 , 62,34190,2008 Winter,"TAURO, S."
5,30,34200,2008 Winter,"FRANZ, M."
53 , 76,34220,2008 Winter,"FRANKLIN, S."
30,30,34230,2008 Winter,"GIVARGIS, T."
41,65,34260,2008 Winter,"DUTT, N."
42,130,34270,2008 Winter,"SCHERSON, I."
14,30,34280,2008 Winter,"BOZORGZADEH, E."
9,30,34310,2008 Winter,"VEIDENBAUM, A."
51,100,34430,2008 Winter,STAFF
11,30,34510,2008 Winter,"WELLING, M."
9,20,35505,2008 Winter,"JAIN, R."
30,30,35510,2008 Winter,"SCHERSON, I."
24 , 25,35515,2008 Winter,"BAO, L."
6,30,35525,2008 Winter,"FRANZ, M."
30,30,35530,2008 Winter,"VEIDENBAUM, A."
0,30,35535,2008 Winter,"BOZORGZADEH, E."
30,30,35540,2008 Winter,"LUEKER, G."
13,30,35550,2008 Winter,"EPPSTEIN, D."
15,30,35555,2008 Winter,"PRZULJ, N."
5,30,35560,2008 Winter,"IRANI, S."
30,30,35565,2008 Winter,"IHLER, A."
26,30,35570,2008 Winter,"SMYTH, P."
12,30,35575,2008 Winter,"SMYTH, P."
3,30,35580,2008 Winter,"PRZULJ, N."
2,30,35710,2008 Winter,"BALDI, P."
11,30,35714,2008 Winter,"CAREY, M."
4,30,35716,2008 Winter,"DUTT, N."
1,30,35720,2008 Winter,"NICOLAU, A."
9,30,35722,2008 Winter,"RAMANAN, D."
2,30,35724,2008 Winter,"XIE, X."
0 , 131,36000,2008 Winter,"JACOBSON, N."
1 , 75,36010,2008 Winter,"THORNTON, A."
3 , 53,36020,2008 Winter,"JACOBSON, N."
2 , 17,36030,2008 Winter,"ARVO, J."
9 , 86,36040,2008 Winter,"GAJSKI, D."
1 , 104,36050,2008 Winter,"JAFAR, S."
2 , 101,,2008 Winter,
7 , 34,36068,2008 Winter,"REGAN, A."
3 , 76,36100,2008 Winter,"FRANKLIN, S."
1 , 55,36105,2008 Winter,"SIM, S."
2 , 37,36130,2008 Winter,"LANG, T."
12 , 50,36140,2008 Winter,"SWINDLEHURST, A."
1 , 62,36150,2008 Winter,"TAURO, S."
10 , 38,36180,2008 Winter,"HARRIS, I.JENKS, S."
10 , 109,16010,2008 Fall,"JACOBSON, N."
2 , 16,16020,2008 Fall,"THORNTON, A."
6 , 23,16030,2008 Fall,"GOODRICH, M."
5 , 37,16050,2008 Fall,"GAJSKI, D."
33 , 38,16200,2008 Fall,"LEE, H."
18 , 32,16220,2008 Fall,"SIM, S."
23 , 42,16240,2008 Fall,"JAFARKHANI, H."
1 , 55,16250,2008 Fall,"TAURO, S."
2 , 32,16270,2008 Fall,"TAURO, S."
19 , 52,16300,2008 Fall,"KURDAHI, F."
17 , 42,16320,2008 Fall,"EPPSTEIN, D."
24 , 34,16330,2008 Fall,"HARRIS, I.JENKS, S."
23,50,34045,2008 Fall,"MAJUMDER, A."
21 , 24,34050,2008 Fall,"FROST, D."
29 , 34,34090,2008 Fall,"SHEU, P."
42,50,34100,2008 Fall,"JACOBSON, N."
40,55,34130,2008 Fall,"SUDA, T."
31 , 55,34150,2008 Fall,"TAURO, S."
28 , 32,34180,2008 Fall,"TAURO, S."
8,50,34200,2008 Fall,"BIC, L."
13,50,34250,2008 Fall,"DUTT, N."
20,50,34270,2008 Fall,"GIVARGIS, T."
23 , 42,34300,2008 Fall,"EPPSTEIN, D."
29 , 29,34310,2008 Fall,"ARVO, J."
40,130,34350,2008 Fall,"WELLING, M."
9,30,34360,2008 Fall,"MJOLSNESS, E."
0,15,34370,2008 Fall,"JAIN, R."
1,60,34380,2008 Fall,"RAMANAN, D."
4,100,34385,2008 Fall,"VAN DYK, D."
10,30,35205,2008 Fall,"MAJUMDER, A."
5,30,35210,2008 Fall,"JAIN, R."
7,30,35220,2008 Fall,"PATTERSON, D."
6,30,35225,2008 Fall,"MEHROTRA, S."
3 , 14,35230,2008 Fall,"SUDA, T.NAKANO, T."
4,25,35235,2008 Fall,"YANG, X."
2 , 2,35240,2008 Fall,"VENKATASUBRAMA, N."
6 , 9,35280,2008 Fall,"GIVARGIS, T."
0 , 0,,2008 Fall,
0,10,35295,2008 Fall,"VEIDENBAUM, A."
1,30,35300,2008 Fall,"BOZORGZADEH, E."
1,30,35310,2008 Fall,"DUTT, N."
2,26,35320,2008 Fall,"DILLENCOURT, M."
4,30,35340,2008 Fall,"HIRSCHBERG, D."
2,30,35345,2008 Fall,"IRANI, S."
6,30,35350,2008 Fall,"DECHTER, R."
0,30,35365,2008 Fall,"SMYTH, P."
0,30,35370,2008 Fall,"XIE, X."
2,25,35550,2008 Fall,"IHLER, A.WELLING, M."
8,15,35560,2008 Fall,"JAIN, R."
1,10,35570,2008 Fall,"MJOLSNESS, E."
0,30,35580,2008 Fall,"SUDA, T."
3,50,35595,2008 Fall,"FOWLKES, C."
1,30,35597,2008 Fall,"MEENAKSHISUNDA, G."
1 , 109,36000,2008 Fall,"JACOBSON, N."
0 , 16,36010,2008 Fall,"THORNTON, A."
0 , 23,36020,2008 Fall,"GOODRICH, M."
7 , 37,36030,2008 Fall,"GAJSKI, D."
5 , 38,36050,2008 Fall,"LEE, H."
1 , 32,36080,2008 Fall,"SIM, S."
15 , 42,36100,2008 Fall,"JAFARKHANI, H."
0 , 55,36110,2008 Fall,"TAURO, S."
2 , 32,36130,2008 Fall,"TAURO, S."
16 , 52,36150,2008 Fall,"KURDAHI, F."
2 , 42,36170,2008 Fall,"EPPSTEIN, D."
10 , 34,36180,2008 Fall,"HARRIS, I.JENKS, S."
1 , 15,16010,2008 Spring,"THORNTON, A."
6 , 30,16020,2008 Spring,"JACOBSON, N."
3 , 12,16030,2008 Spring,"GAUDIOT, J."
2 , 11,16035,2008 Spring,"BAGHERZADEH, N.STAFF"
6 , 41,16080,2008 Spring,"BURKE, P."
4 , 27,16100,2008 Spring,"VENKATASUBRAMA, N."
31 , 104,16130,2008 Spring,"HEALEY, G."
11 , 66,16160,2008 Spring,"TAURO, S."
4 , 41,16200,2008 Spring,"DILLENCOURT, M."
5 , 12,16220,2008 Spring,"FORESTA, J."
9,30,34010,2008 Spring,"MAJUMDER, A."
39 , 40,34020,2008 Spring,"FROST, D."
14,30,34030,2008 Spring,"MEENAKSHISUNDA, G."
7,50,34040,2008 Spring,"HAYES, W."
20,100,34050,2008 Spring,"MEHROTRA, S."
58,75,34060,2008 Spring,"LI, C."
50,50,34090,2008 Spring,"BAO, L."
11,100,34110,2008 Spring,"YANG, X."
49 , 66,34150,2008 Spring,"TAURO, S."
22 , 27,34170,2008 Spring,"VENKATASUBRAMA, N."
7,50,34210,2008 Spring,"HAYES, W."
13,80,34250,2008 Spring,"DUTT, N."
27,110,34260,2008 Spring,"SCHERSON, I."
25,52,34270,2008 Spring,"TAURO, S."
34 , 41,34300,2008 Spring,"DILLENCOURT, M."
39,60,34330,2008 Spring,"PRZULJ, N."
9,30,34335,2008 Spring,"EPPSTEIN, D."
3,50,34340,2008 Spring,"HIRSCHBERG, D."
10,50,34350,2008 Spring,"REGAN, A."
4,50,34360,2008 Spring,"FOWLKES, C."
0,30,34790,2008 Spring,"EL ZARKI, M."
9 , 15,35200,2008 Spring,"TSUDIK, G."
13,30,35220,2008 Spring,"MAJUMDER, A."
8,30,35230,2008 Spring,"LI, C."
3 , 6,35240,2008 Spring,"YANG, X."
8 , 13,35250,2008 Spring,"BAO, L."
9,30,35260,2008 Spring,"SCHERSON, I."
1,5,35265,2008 Spring,"NICOLAU, A."
7 , 13,35270,2008 Spring,"PATTERSON, D."
1,5,35275,2008 Spring,"VEIDENBAUM, A."
2,30,35290,2008 Spring,"HIRSCHBERG, D."
12,30,35300,2008 Spring,"IHLER, A."
2,30,35310,2008 Spring,"DECHTER, R."
4,30,35320,2008 Spring,"BALDI, P."
1,30,35330,2008 Spring,"MJOLSNESS, E."
1,30,35510,2008 Spring,"BALDI, P."
1,30,35520,2008 Spring,"DECHTER, R."
2,30,35530,2008 Spring,"DUTT, N."
4,30,35550,2008 Spring,"EPPSTEIN, D."
1,10,35560,2008 Spring,"VEIDENBAUM, A."
2,30,35570,2008 Spring,"XIE, X."
0 , 15,36010,2008 Spring,"THORNTON, A."
0 , 30,36020,2008 Spring,"JACOBSON, N."
2 , 12,36030,2008 Spring,"GAUDIOT, J."
2 , 11,36040,2008 Spring,"BAGHERZADEH, N.STAFF"
2 , 41,36050,2008 Spring,"BURKE, P."
1 , 27,36100,2008 Spring,"VENKATASUBRAMA, N."
6 , 104,36110,2008 Spring,"HEALEY, G."
6 , 66,36160,2008 Spring,"TAURO, S."
3 , 41,36170,2008 Spring,"DILLENCOURT, M."
7 , 12,36180,2008 Spring,"FORESTA, J."
0 , 0,16010,2007 Winter,"JACOBSON, N."
0 , 0,16030,2007 Winter,"THORNTON, A."
0 , 0,16050,2007 Winter,"JACOBSON, N."
0 , 0,16070,2007 Winter,"ARVO, J."
0 , 0,16090,2007 Winter,"GAJSKI, D."
0 , 0,16110,2007 Winter,"JAFAR, S."
0 , 0,,2007 Winter,
0 , 0,16150,2007 Winter,"FORESTA, J."
0 , 0,16170,2007 Winter,"FRANKLIN, S."
0 , 0,16190,2007 Winter,"SIM, S."
0 , 0,16210,2007 Winter,"LANG, T."
0 , 0,16230,2007 Winter,"SWINDLEHURST, A."
0 , 0,16250,2007 Winter,"TAURO, S."
0 , 0,16270,2007 Winter,"HIRSCHBERG, D."
0 , 0,16280,2007 Winter,"HARRIS, I.JENKS, S."
0 , 0,36000,2007 Winter,"JACOBSON, N."
0 , 0,36010,2007 Winter,"THORNTON, A."
0 , 0,36020,2007 Winter,"JACOBSON, N."
0 , 0,36030,2007 Winter,"ARVO, J."
0 , 0,36040,2007 Winter,"GAJSKI, D."
0 , 0,36050,2007 Winter,"JAFAR, S."
0 , 0,,2007 Winter,
0 , 0,36068,2007 Winter,"FORESTA, J."
0 , 0,36100,2007 Winter,"FRANKLIN, S."
0 , 0,36105,2007 Winter,"SIM, S."
0 , 0,36130,2007 Winter,"LANG, T."
0 , 0,36140,2007 Winter,"SWINDLEHURST, A."
0 , 0,36150,2007 Winter,"TAURO, S."
0 , 0,36170,2007 Winter,"HIRSCHBERG, D."
0 , 0,36180,2007 Winter,"HARRIS, I.JENKS, S."
0 , 0,16010,2007 Fall,"JACOBSON, N."
0 , 0,16020,2007 Fall,"THORNTON, A."
0 , 0,16030,2007 Fall,"THORNTON, A."
0 , 0,16050,2007 Fall,"GAJSKI, D."
0 , 0,16200,2007 Fall,"LEE, H."
0 , 0,16220,2007 Fall,STAFF
0 , 0,16240,2007 Fall,"JAFARKHANI, H."
0 , 0,16250,2007 Fall,STAFF
0 , 0,16270,2007 Fall,"FRANZ, M."
0 , 0,16300,2007 Fall,"KURDAHI, F."
0 , 0,16320,2007 Fall,"EPPSTEIN, D."
0 , 0,16330,2007 Fall,"HARRIS, I.JENKS, S."
0 , 0,36000,2007 Fall,"JACOBSON, N."
0 , 0,36010,2007 Fall,"THORNTON, A."
0 , 0,36020,2007 Fall,"THORNTON, A."
0 , 0,36030,2007 Fall,"GAJSKI, D."
0 , 0,36038,2007 Fall,"LEE, H."
0 , 0,36040,2007 Fall,STAFF
0 , 0,36046,2007 Fall,"JAFARKHANI, H."
0 , 0,36050,2007 Fall,STAFF
0 , 0,36060,2007 Fall,"FRANZ, M."
0 , 0,36070,2007 Fall,"KURDAHI, F."
0 , 0,36170,2007 Fall,"EPPSTEIN, D."
0 , 0,36180,2007 Fall,"HARRIS, I.JENKS, S."
0 , 0,16010,2007 Spring,"THORNTON, A."
0 , 0,16020,2007 Spring,"TAURO, S."
0 , 0,16030,2007 Spring,"GAUDIOT, J."
0 , 0,16035,2007 Spring,STAFFSTAFF
0 , 0,16080,2007 Spring,"BURKE, P."
0 , 0,16100,2007 Spring,"VENKATASUBRAMA, N."
0 , 0,16130,2007 Spring,"HEALEY, G."
0 , 0,16160,2007 Spring,"TAURO, S."
0 , 0,16200,2007 Spring,"LUEKER, G."
0 , 0,36010,2007 Spring,"THORNTON, A."
0 , 0,36020,2007 Spring,"TAURO, S."
0 , 0,36030,2007 Spring,"GAUDIOT, J."
0 , 0,36040,2007 Spring,STAFFSTAFF
0 , 0,36050,2007 Spring,"BURKE, P."
0 , 0,36100,2007 Spring,"VENKATASUBRAMA, N."
0 , 0,36110,2007 Spring,"HEALEY, G."
0 , 0,36160,2007 Spring,"TAURO, S."
0 , 0,36170,2007 Spring,"LUEKER, G."
0 , 0,16010,2006 Winter,"JACOBSON, N.M."
0 , 0,16030,2006 Winter,"THORNTON, A."
0 , 0,16050,2006 Winter,"JACOBSON, N.M."
0 , 0,16070,2006 Winter,"ARVO, J."
0 , 0,16080,2006 Winter,"BAGHERZADEH, N.STAFF"
0 , 0,16100,2006 Winter,"JAFAR, S."
0 , 0,,2006 Winter,
0 , 0,16120,2006 Winter,"FORESTA, J."
0 , 0,16130,2006 Winter,"FRANKLIN, S."
0 , 0,16135,2006 Winter,"SIM, S.E."
0 , 0,16140,2006 Winter,"LANG, T."
0 , 0,16150,2006 Winter,"TAURO, S."
0 , 0,16160,2006 Winter,"HIRSCHBERG, D."
0 , 0,36000,2006 Winter,"JACOBSON, N.M."
0 , 0,36010,2006 Winter,"THORNTON, A."
0 , 0,36020,2006 Winter,"JACOBSON, N.M."
0 , 0,36030,2006 Winter,"ARVO, J."
0 , 0,36040,2006 Winter,"BAGHERZADEH, N.STAFF"
0 , 0,36050,2006 Winter,"JAFAR, S."
0 , 0,,2006 Winter,
0 , 0,36068,2006 Winter,"FORESTA, J."
0 , 0,36100,2006 Winter,"FRANKLIN, S."
0 , 0,36105,2006 Winter,"SIM, S.E."
0 , 0,36130,2006 Winter,"LANG, T."
0 , 0,36150,2006 Winter,"TAURO, S."
0 , 0,36170,2006 Winter,"HIRSCHBERG, D."
56 , 227,16010,2006 Fall,"JACOBSON, N.M."
6 , 36,16020,2006 Fall,"THORNTON, A.W."
10 , 57,16030,2006 Fall,"JACOBSON, N.M."
31 , 110,16050,2006 Fall,"GAJSKI, D."
9 , 18,16200,2006 Fall,"LEE, H.P."
12 , 115,16220,2006 Fall,"FROST, D.H."
0 , 77,16250,2006 Fall,"TAURO, S.L."
3 , 97,16270,2006 Fall,"FRANZ, M.S."
0 , 64,16300,2006 Fall,"KURDAHI, F.J."
9 , 76,16320,2006 Fall,"EPPSTEIN, D.A."
8 , 227,35010,2006 Fall,"JACOBSON, N.M."
1 , 36,35020,2006 Fall,"THORNTON, A.W."
1 , 57,35030,2006 Fall,"JACOBSON, N.M."
6 , 110,35050,2006 Fall,"GAJSKI, D."
9 , 18,35100,2006 Fall,"LEE, H.P."
8 , 115,35110,2006 Fall,"FROST, D.H."
2 , 77,35150,2006 Fall,"TAURO, S.L."
3 , 97,35170,2006 Fall,"FRANZ, M.S."
0 , 64,35200,2006 Fall,"KURDAHI, F.J."
7 , 76,35220,2006 Fall,"EPPSTEIN, D.A."
0 , 0,14160,2006 Spring,"THORNTON, A."
0 , 0,14170,2006 Spring,"JACOBSON, N.M."
0 , 0,14180,2006 Spring,"GAUDIOT, J.L."
0 , 0,14190,2006 Spring,"LU, J.G."
0 , 0,14200,2006 Spring,VENKATASUBRAMANIAN
0 , 0,14220,2006 Spring,"SIM, S."
0 , 0,14250,2006 Spring,"TAURO, S."
0 , 0,14260,2006 Spring,"TAURO, S."
0 , 0,14270,2006 Spring,"DILLENCOURT, M."
0 , 0,36010,2006 Spring,"THORNTON, A."
0 , 0,36020,2006 Spring,"JACOBSON, N.M."
0 , 0,36030,2006 Spring,"GAUDIOT, J.L."
0 , 0,36050,2006 Spring,"LU, J.G."
0 , 0,36100,2006 Spring,VENKATASUBRAMANIAN
0 , 0,36120,2006 Spring,"SIM, S."
0 , 0,36150,2006 Spring,"TAURO, S."
0 , 0,36160,2006 Spring,"TAURO, S."
0 , 0,36170,2006 Spring,"DILLENCOURT, M."
0 , 0,14130,2005 Winter,"JACOBSON, N."
0 , 0,14140,2005 Winter,"THORNTON, A."
0 , 0,14150,2005 Winter,"GOODRICH, M.T."
0 , 0,14160,2005 Winter,"ARVO, J."
0 , 0,14170,2005 Winter,"KURDAHI, F.J."
0 , 0,14180,2005 Winter,"JAFAR, S."
0 , 0,,2005 Winter,
0 , 0,14198,2005 Winter,"FORESTA, J."
0 , 0,14200,2005 Winter,"FRANKLIN, S."
0 , 0,14230,2005 Winter,"LANG, T."
0 , 0,14250,2005 Winter,"TAURO, S."
0 , 0,14270,2005 Winter,"HIRSCHBERG, D."
0 , 0,36000,2005 Winter,"JACOBSON, N."
0 , 0,36010,2005 Winter,"THORNTON, A."
0 , 0,36020,2005 Winter,"GOODRICH, M.T."
0 , 0,36030,2005 Winter,"ARVO, J."
0 , 0,36040,2005 Winter,"KURDAHI, F.J."
0 , 0,36050,2005 Winter,"JAFAR, S."
0 , 0,,2005 Winter,
0 , 0,36068,2005 Winter,"FORESTA, J."
0 , 0,36100,2005 Winter,"FRANKLIN, S."
0 , 0,36130,2005 Winter,"LANG, T."
0 , 0,36150,2005 Winter,"TAURO, S."
0 , 0,36170,2005 Winter,"HIRSCHBERG, D."
0 , 0,14150,2005 Fall,"JACOBSON, N."
0 , 0,14160,2005 Fall,STAFF
0 , 0,14170,2005 Fall,"JACOBSON, N."
0 , 0,14180,2005 Fall,"GAJSKI, D.D."
0 , 0,14190,2005 Fall,"BAGHERZADEH, N."
0 , 0,14200,2005 Fall,VENKATASUBRAMANIAN
0 , 0,14220,2005 Fall,"REDMILES, D."
0 , 0,14230,2005 Fall,"HEALEY, G.E."
0 , 0,14250,2005 Fall,"THORNTON, A."
0 , 0,14260,2005 Fall,"FRANZ, M."
0 , 0,14270,2005 Fall,"KURDAHI, F.J."
0 , 0,14280,2005 Fall,"DILLENCOURT, M."
0 , 0,36000,2005 Fall,"JACOBSON, N."
0 , 0,36010,2005 Fall,STAFF
0 , 0,36020,2005 Fall,"JACOBSON, N."
0 , 0,36030,2005 Fall,"GAJSKI, D.D."
0 , 0,36040,2005 Fall,"BAGHERZADEH, N."
0 , 0,36100,2005 Fall,VENKATASUBRAMANIAN
0 , 0,36120,2005 Fall,"REDMILES, D."
0 , 0,36130,2005 Fall,"HEALEY, G.E."
0 , 0,36150,2005 Fall,"THORNTON, A."
0 , 0,36160,2005 Fall,"FRANZ, M."
0 , 0,36170,2005 Fall,"KURDAHI, F.J."
0 , 0,36180,2005 Fall,"DILLENCOURT, M."
0 , 0,14160,2005 Spring,"THORNTON, A."
0 , 0,14170,2005 Spring,"MEENAKSHISUNDARAM,"
0 , 0,14180,2005 Spring,"GAUDIOT, J.L."
0 , 0,14190,2005 Spring,"LU, J.G."
0 , 0,14200,2005 Spring,VENKATASUBRAMANIAN
0 , 0,14220,2005 Spring,"SIM, S."
0 , 0,14250,2005 Spring,"LOPES, C."
0 , 0,14260,2005 Spring,"TAURO, S."
0 , 0,14270,2005 Spring,"EPPSTEIN, D."
0 , 0,36010,2005 Spring,"THORNTON, A."
0 , 0,36020,2005 Spring,"MEENAKSHISUNDARAM,"
0 , 0,36030,2005 Spring,"GAUDIOT, J.L."
0 , 0,36050,2005 Spring,"LU, J.G."
0 , 0,36100,2005 Spring,VENKATASUBRAMANIAN
0 , 0,36120,2005 Spring,"SIM, S."
0 , 0,36150,2005 Spring,"LOPES, C."
0 , 0,36160,2005 Spring,"TAURO, S."
0 , 0,36170,2005 Spring,"EPPSTEIN, D."
0 , 0,14130,2004 Winter,"JACOBSON, N."
0 , 0,14140,2004 Winter,"MEENAKSHISUNDARAM,"
0 , 0,14150,2004 Winter,"GOODRICH, M."
0 , 0,14160,2004 Winter,"ARVO, J."
0 , 0,14170,2004 Winter,"BAGHERZADEH, N."
0 , 0,14180,2004 Winter,"JAFAR, S."
0 , 0,,2004 Winter,
0 , 0,14200,2004 Winter,VENKATASUBRAMANIAN
0 , 0,14220,2004 Winter,"SIM, S."
0 , 0,14230,2004 Winter,"LANG, T."
0 , 0,14250,2004 Winter,"THORNTON, A."
0 , 0,14260,2004 Winter,"FRANZ, M."
0 , 0,14270,2004 Winter,"HIRSCHBERG, D."
0 , 0,36000,2004 Winter,"JACOBSON, N."
0 , 0,36010,2004 Winter,"MEENAKSHISUNDARAM,"
0 , 0,36020,2004 Winter,"GOODRICH, M."
0 , 0,36030,2004 Winter,"ARVO, J."
0 , 0,36040,2004 Winter,"BAGHERZADEH, N."
0 , 0,36050,2004 Winter,"JAFAR, S."
0 , 0,,2004 Winter,
0 , 0,36100,2004 Winter,VENKATASUBRAMANIAN
0 , 0,36120,2004 Winter,"SIM, S."
0 , 0,36130,2004 Winter,"LANG, T."
0 , 0,36150,2004 Winter,"THORNTON, A."
0 , 0,36160,2004 Winter,"FRANZ, M."
0 , 0,36170,2004 Winter,"HIRSCHBERG, D."
0 , 1,14150,2004 Fall,"JACOBSON, N."
3 , 8,14160,2004 Fall,"THORNTON, A."
0 , 48,14170,2004 Fall,"JACOBSON, N."
1 , 162,14180,2004 Fall,"GAJSKI, D."
0 , 142,14210,2004 Fall,"FRANKLIN, S.PAJAROLA, R."
0 , 0,14230,2004 Fall,STAFF
0 , 81,14250,2004 Fall,"HEALEY, G."
0 , 69,14270,2004 Fall,"THORNTON, A."
2 , 75,14280,2004 Fall,"FRANZ, M."
0 , 132,14290,2004 Fall,"KURDAHI, F."
0 , 87,14296,2004 Fall,"DILLENCOURT, M."
0 , 1,36000,2004 Fall,"JACOBSON, N."
0 , 8,36010,2004 Fall,"THORNTON, A."
0 , 48,36020,2004 Fall,"JACOBSON, N."
0 , 162,36030,2004 Fall,"GAJSKI, D."
0 , 142,36060,2004 Fall,"FRANKLIN, S.PAJAROLA, R."
0 , 0,36080,2004 Fall,STAFF
0 , 81,36100,2004 Fall,"HEALEY, G."
0 , 69,36120,2004 Fall,"THORNTON, A."
0 , 75,36130,2004 Fall,"FRANZ, M."
0 , 132,36140,2004 Fall,"KURDAHI, F."
0 , 87,36146,2004 Fall,"DILLENCOURT, M."
